,PSNR,SSIM
DnCnn,27.770695626182196,0.6273774376289435
NL Mean,29.82862707145091,0.8174478823735872
BM3D,28.87552888565292,0.791970792717986
